<?xml version="1.0" encoding="UTF-8"?>
<project-private xmlns="http://www.netbeans.org/ns/project-private/1">
    <editor-bookmarks xmlns="http://www.netbeans.org/ns/editor-bookmarks/2" lastBookmarkId="0"/>
    <open-files xmlns="http://www.netbeans.org/ns/projectui-open-files/2">
        <group>
            <file>file:/D:/Usuário/Documents/NetBeansProjects/ProvaFinal/src/ProvaFinal/FormCadastroImovel.java</file>
            <file>file:/D:/Usuário/Documents/NetBeansProjects/ProvaFinal/src/ProvaFinal/FormListarImovel.java</file>
            <file>file:/D:/Usuário/Documents/NetBeansProjects/ProvaFinal/src/ProvaFinal/Imovel.java</file>
            <file>file:/D:/Usuário/Documents/NetBeansProjects/ProvaFinal/src/ProvaFinal/FormMenu.java</file>
        </group>
    </open-files>
</project-private>
